{"10": [92.6365052631579], "20": [85.00123684210526]}