{"10": [91.70903684210526], "20": [88.49081578947369]}