{"10": [1.1501105263157896], "20": [1.2006473684210526]}