{"10": [0.3827684210526316], "20": [0.32998421052631577]}