{"10": [76.88896842105262], "20": [84.12615789473683]}