{"10": [77.21768947368422], "20": [85.81665263157895]}