{"10": [0.12208947368421053], "20": [0.07259473684210527]}