{"10": [0.3384894736842105], "20": [0.3496736842105263]}