{"10": [1.7367315789473685], "20": [2.2799947368421054]}