{"10": [36.070052631578946], "20": [39.01244736842105]}