{"10": [36.397331578947366], "20": [38.34939473684211]}