{"10": [1.1269736842105262], "20": [1.237321052631579]}